{"Superchecker": 0.48484848484848486, "allthekos": 0.5138888888888888, "Spiras_stargate": 0.75, "code-sloth": 0.4947916666666667, "Brilliant-Squirrel": 0.8777777777777778, "draconicmonkey": 0.7238095238095238, "latetothegame216": 0.6607142857142857, "Thursdayfriday123": 0.5434782608695652, "Ranchette_Geezer": 0.5441176470588235, "iconoclast63": 0.6949152542372882, "ASK_ME_IF_IM_YEEZUS": 0.5454545454545454, "GenderfreeNameHere": 0.9130434782608695, "imprl59": 0.5048923679060665, "EasyCheesy_123": 0.6904761904761905, "ParkingPsychology": 0.8802395209580839, "Jewel_332211": 0.6197916666666666, "cluelesscat42": 0.6774193548387096, "brokenboysoldiers": 0.5330490405117271, "Designer_Dog": 0.24786324786324787, "itsYourLifeCoach": 0.29310344827586204, "xmeme59": 0.6097560975609756, "Cephalopodio": 0.4271356783919598, "heyuiuitsme": 0.5714285714285714, "diduaskme2": 0.6896551724137931, "visitor987": 0.5591397849462365, "Daytripsinsidecars": 0.5, "BlakkoeNakker": 0.24, "A-step": 0.5849056603773585, "Technothick": 0.6829268292682927, "Coco_Bueno": 0.7415730337078652, "[deleted]": 0.0, "snapeismyfather": 0.6923076923076923, "solstice38": 0.65625, "RichBitchDress": 0.4880952380952381, "c-s-n-l": 0.6060606060606061, "scoobledooble314159": 0.463768115942029, "IThinkThingsThrough": 0.7416666666666667, "White_punks_on_dope": 0.5652173913043478, "damnthetorpedoes-1": 0.48148148148148145, "Old_and_tired": 0.6144578313253012, "blahblahsdfsdfsdfsdf": 0.5, "Budgiejen": 0.23076923076923078, "ELilly1": 0.6078431372549019, "YinglingLight": 0.4482758620689655, "dragonpersonn": 0.6240601503759399, "LithiumPopper": 0.7741935483870968, "_NobbyNobbs_": 0.9090909090909091, "captLights": 0.9032258064516129, "BingeRedditor": 0.6956521739130435, "Ratlarbig": 0.2545454545454545, "coldbloodednuts": 0.5529661016949152, "navelencounters": 0.6944444444444444, "amborgg": 0.6222222222222222, "part-three": 0.6935483870967742, "TheVue221": 0.624113475177305, "ratkiller47130": 0.30434782608695654, "nomnomr": 0.4782608695652174, "YouLikeJazz_": 0.7567567567567568, "bashar_speaks": 0.417910447761194, "Varathane": 0.7549668874172185, "anonmouse654": 0.5901639344262295, "redditKMC": 0.47593582887700536, "ben-gives-advice": 0.7415730337078652, "skeeter04": 0.3181818181818182, "badreques303": 0.13333333333333333, "blandarchy": 0.25842696629213485, "wtfreddit123456": 0.543859649122807, "ImHarden": 0.6470588235294118, "minion531": 0.3181818181818182, "melanie13241": 0.7160493827160493, "livipup": 0.40797546012269936, "_mr_kippers_": 0.5925925925925926, "UnusualOddDuck": 0.23076923076923078, "jatjqtjat": 0.6521739130434783, "keenhydra93": 0.6129032258064516, "Evil_Horseradish": 0.5084745762711864, "Dave-Steel-": 0.6612903225806451, "Snowstorm-3": 0.6716417910447762, "hiltonking": 0.1206896551724138, "cynikalAhole99": 0.6666666666666666, "rnielsen776": 0.3181818181818182, "gooberfaced": 0.6976744186046512, "SAD_FACED_CLOWN": 0.5157894736842106, "Skidoodilybop": 0.65625, "jon_queer": 0.4861111111111111, "daydreamer8893": 0.68, "Xenoflower7": 0.5818181818181818, "canonicalFRED": 0.8088235294117647, "jillbowaggins": 0.6796875, "NoxWild": 0.71875, "Arcticflux": 0.7094017094017094, "Ritzreddit77": 0.6832740213523132, "nblackhand": 0.47761194029850745, "myaltngl": 0.6842105263157895, "theoriginalcalbha": 0.5025906735751295, "literallytwisted": 0.4918032786885246, "FitChickFourTwennie": 0.6101694915254238, "BitcoinMD": 0.43478260869565216, "mikenzeejai": 0.48, "ztgarfield97": 0.6774193548387096, "Smash_Gal": 0.7435897435897436, "fightmaxmaster": 0.7461538461538462, "synchh": 0.7083333333333334, "I_Have_People_SkilIs": 0.0967741935483871, "saintcrazy": 0.5333333333333333, "lotterynote": 0.7666666666666667, "KungFuDabu": 0.2835820895522388, "the_internet_clown": 0.2857142857142857, "Onywan": 0.5, "Herdnerfer": 0.5, "DragonSlave49": 0.29357798165137616, "No_One_On_Earth": 0.16666666666666666, "Offthepoint": 0.33076923076923076, "brojackdogman": 0.7792207792207793, "GeneralWaste_69": 0.6896551724137931, "Missmoni2u": 0.5897435897435898, "Teley": 0.6538461538461539, "Pufferfoot": 0.6222222222222222, "MengerianMango": 0.5, "FutureRabbit29": 0.5490196078431373, "ISleepWithTheFanOn": 0.8695652173913043, "saltedfish": 0.7619047619047619, "novichux": 0.6428571428571429, "L1cker1sh": 0.8095238095238095, "Lost_vob": 0.625, "ItsYourMotherDear": 0.7068965517241379, "leberkrieger": 0.19047619047619047, "DoctorScrotus": 0.3783783783783784, "NapsAreMyFavorite": 0.7714285714285715, "dazablue": 0.4146341463414634, "SOMEFUCKINGRANDOM": 0.3181818181818182, "eracommons": 0.3, "GoinOutin2020": 0.6842105263157895, "pillowfat": 0.8867924528301887, "cbpiz": 0.6290322580645161, "KeronCyst": 0.5588235294117647, "awakeningat40": 0.55, "Driftwood1884": 0.8260869565217391, "CalicoLeaf1": 0.7083333333333334, "SpiritSouls": 0.4444444444444444, "Rastellikk": 0.5714285714285714, "gordo0620": 0.43037974683544306, "UncleSput": 0.7096774193548387, "FiveNations54": 0.6190476190476191, "runningwiththeslugs": 0.5714285714285714, "mklinger23": 0.38461538461538464, "HGlancy": 0.4634146341463415, "frannyfranfran5": 0.6046511627906976, "Stroopwafeled": 0.7916666666666666, "eitherrideordie": 0.75, "Molly_Hatchett": 0.7441860465116279, "verbfruit": 0.38095238095238093, "swampmutt": 0.84, "Allimack": 0.7457627118644068, "DinahTook": 0.8333333333333334, "dod66": 0.6585365853658537, "pearlhart": 0.6727272727272727, "RocknoseThreebeers": 0.6153846153846154, "DistinctBook": 0.3157894736842105, "hereiamtosavetheday_": 0.4897959183673469, "spillbv": 0.43333333333333335, "BasicColloquialism": 0.6612903225806451, "loadofcrap1": 0.21818181818181817, "asdf12e": 0.6222222222222222, "Soulmend": 0.7407407407407407, "Dazzlinggggg": 0.3, "NeoM02": 0.6666666666666666, "borbersk": 0.5681818181818182, "WeaselWeaz": 0.425, "Illuminator007": 0.5428571428571428, "gh5257": 0.3181818181818182, "Lobster_Messiah": 0.8269230769230769, "Monopolah": 0.17073170731707318, "3clawglobe": 0.3108108108108108, "xcupcakekitten": 0.6521739130434783, "Fcutdlady": 0.3829787234042553, "AbstractWheels": 0.7272727272727273, "refugefirstmate": 0.45348837209302323, "Longjumping_Goat": 0.8043478260869565, "matchb_x": 0.3684210526315789, "shell5719": 0.5, "Orionactuation": 0.41935483870967744, "ferngully99": 0.40425531914893614, "Djeff_": 0.4482758620689655, "SimplyBewildered": 0.5746478873239437, "abcriminal": 0.6, "Ohfuckyou1337": 0.3148148148148148, "Skippy8898": 0.4473684210526316, "omgfruit": 0.868421052631579, "50m30n3555": 0.7428571428571429, "SadiRyzer": 0.47619047619047616, "LuckyTheLurker": 0.6486486486486487, "ih8eggs": 0.5128205128205128, "deiscio": 0.5416666666666666, "Martian_Pudding": 0.17391304347826086, "bobbyjellybean": 0.6521739130434783, "Kyutekyu": 0.6865671641791045, "TenaciousVeee": 0.6046511627906976, "HomarOKey": 0.6086956521739131, "Patrol720": 0.7142857142857143, "The_Shwassassin": 0.41379310344827586, "JackDallas": 0.14285714285714285, "BurningOrangeHeaven": 0.18604651162790697, "theusersub": 0.6470588235294118, "Jewel242": 0.5384615384615384, "SaltySpitoonReg": 0.4444444444444444, "omnianadine": 0.32, "WitchWaffle17": 0.627906976744186, "MarcusChapmanHere": 0.8076923076923077, "Leading-Broccoli": 0.65, "gampeegamp": 0.39473684210526316, "Bsli": 0.5, "diggexpat": 0.02702702702702703, "SweetAmara": 0.5428571428571428, "psychedelicOm": 0.3333333333333333, "nimkiw": 0.5333333333333333, "hurshy238": 0.5, "dreammagii": 0.25, "AdequateHusband": 0.7933884297520661, "kashflowz": 0.26595744680851063, "Dirt077": 0.7857142857142857, "y_da": 0.5157894736842106, "2070802": 0.23333333333333334, "1EvilEyeore": 0.5454545454545454, "123lowkick": 0.3333333333333333, "M0tin": 0.6545454545454545, "LouTenant6767": 0.48936170212765956, "billy_the_kid16": 0.7222222222222222, "polishedpebble": 0.68, "goestoeswoes": 0.7692307692307693, "jesslees24": 0.6829268292682927, "a_non_a_moos": 0.7142857142857143, "jcush90": 0.5217391304347826, "Anemephistus": 0.6, "altasobscura": 0.5916666666666667,